# Известные ответы приложения Ringo на пробы аудита — то, чего нет (или нет полностью) в swagger.
# Собраны по реальным ответам 2.4.4 и 3.x. Формат (через TAB): операция  код  фрагмент message  что это значит
# Порядок важен: берётся первая подходящая строка. Пустой фрагмент — любой message.
PUT /mdm/checkin	400	Отсутствует тело mdm запроса	пустое тело: запрос прошёл прокси, приложение ждёт plist
PUT /mdm/checkin	403	Отсутствует устройство с udid	устройство с таким UDID не зарегистрировано — норма для тестового UDID, запрос дошёл до приложения
PUT /mdm/connect	400	Отсутствует тело mdm запроса	пустое тело: запрос прошёл прокси, приложение ждёт plist
PUT /mdm/connect	401	Отсутствует устройство с udid	устройство с таким UDID не зарегистрировано — норма для тестового UDID, запрос дошёл до приложения
POST /mdm/enroll/profile	400	Ошибка чтения enroll запроса	тело не разобрано как подписанный профиль — норма для пробы с невалидным PKCS7
PUT /agent/checkin	400	Request_type must be one of	неизвестный тип запроса агента — норма для пробы
PUT /agent/connect	400	Request_type must be one of	неизвестный тип запроса агента — норма для пробы
POST /agent/certificate	400	Device_udid	нет UDID устройства — норма для пустого запроса
POST /enroll/auth	400	Username should not be empty	пустой логин — норма для пустого запроса
POST /api/v1/auth	400	Username should not be empty	пустой логин — норма для пустого запроса
POST /api/v1/self-service/auth	400	should not be empty	пустые поля входа — норма для пустого запроса
GET /scep-proxy	400	SCEP Proxy не включен	SCEP Proxy выключен в настройках Ringo
GET /socket.io/	400	Transport unknown	socket.io без параметров транспорта — норма, запрос дошёл до бэкенда
*	401	Ошибка авторизации	нужна авторизация — запрос дошёл до приложения
